merchant_id,sales_date,gross_sales,discounts,net_sales,vat_amount,refunds_amount,orders_count,avg_ticket
M0001,2025-01-01,6537.5,167.18,6331.0,949.65,39.32,157,40.58
M0001,2025-01-02,4326.51,39.52,4237.2,635.58,49.79,108,39.69
M0001,2025-01-03,6785.48,68.56,6648.64,997.3,68.28,167,40.22
M0001,2025-01-04,6454.54,67.52,6287.36,943.1,99.66,161,39.67
M0001,2025-01-05,5589.88,59.3,5443.8,816.57,86.78,142,38.95
M0001,2025-01-06,5418.67,59.54,5257.1,788.57,102.03,138,38.83
M0001,2025-01-07,5677.37,62.52,5532.2,829.83,82.65,140,40.11
M0001,2025-01-08,6348.87,64.18,6184.76,927.71,99.93,161,39.04
M0001,2025-01-09,5148.81,50.13,5001.9,750.29,96.78,129,39.52
M0001,2025-01-10,6776.23,575.73,6101.23,915.18,99.27,159,39.0
M0001,2025-01-11,5574.74,53.91,5414.08,812.11,106.75,141,39.15
M0001,2025-01-12,5541.21,59.94,5384.27,807.64,97.0,140,39.15
M0001,2025-01-13,6055.04,70.72,5882.41,882.36,101.91,154,38.86
M0001,2025-01-14,5435.12,58.63,5278.62,791.79,97.87,137,39.24
M0001,2025-01-15,6182.78,56.21,6017.37,902.61,109.2,154,39.78
M0001,2025-01-16,6067.44,68.61,5897.28,884.59,101.55,151,39.73
M0001,2025-01-17,7187.19,70.02,7004.45,1050.67,112.72,176,40.44
M0001,2025-01-18,6194.22,60.87,6010.6,901.59,122.75,155,39.57
M0001,2025-01-19,6609.52,387.17,6100.15,915.02,122.2,164,37.94
M0001,2025-01-20,5986.57,70.08,5796.24,869.44,120.25,153,38.67
M0001,2025-01-21,5187.08,55.92,5025.86,753.88,105.3,133,38.58
M0001,2025-01-22,5685.1,53.66,5531.81,829.77,99.63,142,39.66
M0001,2025-01-23,5640.35,59.99,5487.6,823.14,92.76,143,39.02
M0001,2025-01-24,6210.54,51.73,6058.9,908.84,99.91,161,38.25
M0001,2025-01-25,7283.39,188.85,6964.73,1044.71,129.81,174,40.77
M0001,2025-01-26,5210.32,60.18,5036.8,755.52,113.34,130,39.62
M0001,2025-01-27,6045.43,52.1,5882.27,882.34,111.06,152,39.43
M0001,2025-01-28,5282.83,51.47,5137.73,770.66,93.63,133,39.33
M0001,2025-01-29,6356.46,55.02,6213.32,932.0,88.12,159,39.63
M0001,2025-01-30,6338.92,62.35,6171.36,925.7,105.21,160,39.23
M0001,2025-01-31,6677.7,70.45,6496.99,974.55,110.26,168,39.33
M0001,2025-02-01,6852.51,73.12,6643.21,996.48,136.18,171,39.65
M0001,2025-02-02,5072.43,50.91,4911.57,736.74,109.95,131,38.33
M0001,2025-02-03,5586.08,63.4,5418.41,812.76,104.27,142,38.89
M0001,2025-02-04,5631.27,179.03,5359.69,803.95,92.55,143,38.13
M0001,2025-02-05,4973.7,62.73,4824.55,723.68,86.42,126,38.98
M0001,2025-02-06,6309.23,59.51,6158.32,923.75,91.4,160,39.06
M0001,2025-02-07,5239.45,61.52,5085.14,762.77,92.79,130,39.83
M0001,2025-02-08,6950.03,60.54,6785.43,1017.81,104.06,170,40.53
M0001,2025-02-09,5176.81,53.23,5024.23,753.63,99.35,131,39.11
M0001,2025-02-10,4600.27,46.98,4466.9,670.04,86.39,119,38.26
M0001,2025-02-11,5163.94,62.69,5014.03,752.1,87.22,132,38.65
M0001,2025-02-12,6338.25,68.43,6181.19,927.18,88.63,155,40.45
M0001,2025-02-13,5292.43,57.74,5145.19,771.78,89.5,133,39.36
M0001,2025-02-14,6719.06,68.95,6551.93,982.79,98.18,169,39.35
M0001,2025-02-15,5940.02,63.63,5782.25,867.34,94.14,145,40.53
M0001,2025-02-16,4502.03,49.02,4370.22,655.53,82.79,111,40.12
M0001,2025-02-17,5114.11,55.32,4976.76,746.51,82.03,130,38.91
M0001,2025-02-18,5169.86,58.12,5034.13,755.12,77.61,132,38.73
M0001,2025-02-19,5490.03,248.85,5152.47,772.87,88.71,137,38.26
M0001,2025-02-20,6050.84,233.34,5717.73,857.66,99.77,156,37.29
M0001,2025-02-21,5986.16,68.98,5804.55,870.68,112.63,152,38.93
M0001,2025-02-22,5450.12,202.14,5122.84,768.43,125.14,138,38.03
M0001,2025-02-23,5876.82,66.7,5692.56,853.88,117.56,146,39.8
M0001,2025-02-24,6243.55,75.4,6055.64,908.35,112.51,157,39.29
M0001,2025-02-25,4282.89,44.47,4132.9,619.94,105.52,112,37.84
M0001,2025-02-26,5638.61,61.9,5483.37,822.51,93.34,138,40.41
M0001,2025-02-27,6567.69,376.78,6075.58,911.34,115.33,148,41.83
M0001,2025-02-28,6621.6,56.54,6423.67,963.55,141.39,162,40.53
M0001,2025-03-01,7221.24,73.4,6994.01,1049.1,153.83,162,44.12
M0001,2025-03-02,6012.72,67.15,5819.84,872.98,125.73,136,43.72
M0001,2025-03-03,6603.47,72.86,6413.22,961.98,117.39,148,44.13
M0001,2025-03-04,5947.24,210.69,5642.78,846.42,93.77,133,43.13
M0001,2025-03-05,5651.78,73.81,5475.7,821.36,102.27,133,41.94
M0001,2025-03-06,6374.55,63.64,6218.82,932.82,92.09,146,43.23
M0001,2025-03-07,7870.63,74.09,7692.32,1153.85,104.22,177,44.05
M0001,2025-03-08,7097.99,58.85,6935.4,1040.31,103.74,154,45.71
M0001,2025-03-09,6543.57,55.78,6386.33,957.95,101.46,153,42.4
M0001,2025-03-10,5989.59,63.51,5829.47,874.42,96.61,137,43.26
M0001,2025-03-11,6769.73,90.5,6581.39,987.21,97.84,154,43.37
M0001,2025-03-12,6610.9,63.13,6448.45,967.27,99.32,151,43.36
M0001,2025-03-13,7268.11,60.89,7099.45,1064.92,107.77,159,45.33
M0001,2025-03-14,7024.01,66.76,6845.39,1026.81,111.86,160,43.48
M0001,2025-03-15,5606.88,58.75,5447.34,817.1,100.79,131,42.35
M0001,2025-03-16,5642.97,65.15,5481.93,822.29,95.89,130,42.91
M0001,2025-03-17,6045.01,64.84,5891.99,883.8,88.18,139,43.02
M0001,2025-03-18,6938.04,83.49,6756.66,1013.5,97.89,157,43.66
M0001,2025-03-19,4786.08,58.97,4634.76,695.21,92.35,108,43.77
M0001,2025-03-20,7040.83,437.48,6495.16,974.27,108.19,159,41.53
M0001,2025-03-21,8058.17,91.68,7849.27,1177.39,117.22,178,44.76
M0001,2025-03-22,6949.84,76.95,6755.31,1013.3,117.58,154,44.63
M0001,2025-03-23,6204.02,64.98,6023.24,903.49,115.8,145,42.34
M0001,2025-03-24,6994.37,378.06,6514.08,977.11,102.23,143,46.27
M0001,2025-03-25,4952.73,54.32,4797.74,719.66,100.67,117,41.87
M0001,2025-03-26,6000.08,43.88,5868.38,880.26,87.82,137,43.48
M0001,2025-03-27,6348.88,56.49,6198.4,929.76,93.99,148,42.52
M0001,2025-03-28,7388.87,79.72,7218.04,1082.71,91.11,166,44.03
M0001,2025-03-29,6691.92,59.87,6536.13,980.42,95.92,159,41.71
M0001,2025-03-30,6561.02,71.59,6367.59,955.14,121.84,157,41.33
M0001,2025-03-31,7334.39,627.71,6562.3,984.35,144.38,163,41.15
M0001,2025-04-01,6905.68,87.03,6677.92,1001.69,140.73,169,40.35
M0001,2025-04-02,6646.65,69.6,6408.58,961.29,168.47,158,41.63
M0001,2025-04-03,6406.27,65.46,6195.31,929.3,145.5,160,39.63
M0001,2025-04-04,5876.84,57.32,5670.82,850.62,148.7,151,38.54
M0001,2025-04-05,5129.98,49.31,4955.92,743.39,124.75,128,39.69
M0001,2025-04-06,6036.23,53.74,5874.61,881.19,107.88,151,39.62
M0001,2025-04-07,5064.0,50.33,4901.38,735.21,112.29,131,38.27
M0001,2025-04-08,5495.14,62.64,5346.74,802.01,85.76,142,38.26
M0001,2025-04-09,5855.28,114.73,5633.24,844.99,107.31,143,40.14
M0001,2025-04-10,4973.98,47.93,4838.63,725.79,87.42,127,38.79
M0001,2025-04-11,6597.95,73.39,6428.38,964.26,96.18,164,39.78
M0001,2025-04-12,6144.48,64.27,5976.7,896.51,103.51,150,40.53
M0001,2025-04-13,4663.42,54.97,4515.04,677.26,93.41,119,38.73
M0001,2025-04-14,4310.17,51.92,4167.94,625.19,90.31,112,38.02
M0001,2025-04-15,5676.3,55.9,5539.9,830.99,80.5,143,39.3
M0001,2025-04-16,5655.12,56.65,5515.2,827.28,83.27,141,39.71
M0001,2025-04-17,4906.5,50.68,4775.79,716.37,80.03,123,39.48
M0001,2025-04-18,6303.46,409.62,5809.21,871.38,84.63,149,39.56
M0001,2025-04-19,6493.27,171.03,6218.11,932.72,104.13,159,39.76
M0001,2025-04-20,4888.54,46.86,4747.93,712.19,93.75,126,38.43
M0001,2025-04-21,5334.37,54.72,5188.61,778.29,91.04,136,38.82
M0001,2025-04-22,5065.01,51.1,4932.21,739.83,81.7,127,39.48
M0001,2025-04-23,5601.97,66.79,5456.63,818.49,78.55,147,37.65
M0001,2025-04-24,5687.12,68.54,5529.11,829.37,89.47,143,39.29
M0001,2025-04-25,7160.53,392.54,6674.24,1001.14,93.75,166,40.77
M0001,2025-04-26,6018.8,77.64,5833.39,875.01,107.77,151,39.35
M0001,2025-04-27,4927.21,52.0,4783.69,717.55,91.52,126,38.69
M0001,2025-04-28,5403.38,52.86,5261.38,789.21,89.14,138,38.77
M0001,2025-04-29,5118.85,53.89,4984.82,747.72,80.14,127,39.88
M0001,2025-04-30,5345.26,63.86,5199.25,779.89,82.15,135,39.12
M0001,2025-05-01,5203.7,57.86,5061.04,759.16,84.8,134,38.4
M0001,2025-05-02,6482.12,607.53,5786.78,868.02,87.81,149,39.43
M0001,2025-05-03,6216.22,75.74,6044.67,906.7,95.81,153,40.13
M0001,2025-05-04,5472.86,241.13,5141.63,771.24,90.1,138,37.91
M0001,2025-05-05,4352.27,44.51,4223.59,633.54,84.17,107,40.26
M0001,2025-05-06,6232.67,65.38,6077.17,911.58,90.12,156,39.53
M0001,2025-05-07,4939.04,58.18,4796.52,719.48,84.34,125,39.05
M0001,2025-05-08,4853.96,58.48,4709.85,706.48,85.63,118,40.64
M0001,2025-05-09,5906.72,189.18,5630.4,844.56,87.14,143,39.98
M0001,2025-05-10,5795.81,62.37,5648.47,847.27,84.97,143,40.09
M0001,2025-05-11,5140.88,59.15,4992.74,748.91,88.99,128,39.7
M0001,2025-05-12,3901.96,44.84,3784.08,567.61,73.04,98,39.36
M0001,2025-05-13,5599.28,59.49,5460.99,819.15,78.8,138,40.14
M0001,2025-05-14,5428.5,63.31,5290.42,793.56,74.77,135,39.74
M0001,2025-05-15,5500.06,62.96,5354.4,803.16,82.7,141,38.56
M0001,2025-05-16,6486.86,80.36,6313.56,947.03,92.94,160,40.04
M0001,2025-05-17,5560.77,59.27,5409.92,811.49,91.58,141,39.02
M0001,2025-05-18,5958.69,306.21,5557.22,833.58,95.26,150,37.68
M0001,2025-05-19,5924.31,54.42,5782.84,867.43,87.05,147,39.93
M0001,2025-05-20,4300.49,48.17,4167.38,625.11,84.94,106,40.12
M0001,2025-05-21,5019.16,52.42,4886.56,732.98,80.18,125,39.73
M0001,2025-05-22,5417.55,45.76,5293.31,794.0,78.48,137,39.21
M0001,2025-05-23,6169.54,72.87,6015.78,902.37,80.89,153,39.85
M0001,2025-05-24,5829.33,66.76,5675.03,851.25,87.54,144,40.02
M0001,2025-05-25,5410.59,55.08,5271.61,790.74,83.9,139,38.53
M0001,2025-05-26,5020.22,62.87,4877.88,731.68,79.47,127,39.03
M0001,2025-05-27,6149.97,290.54,5774.19,866.13,85.24,150,39.06
M0001,2025-05-28,5617.52,64.85,5472.0,820.8,80.67,144,38.56
M0001,2025-05-29,3613.16,36.86,3499.17,524.88,77.13,92,38.87
M0001,2025-05-30,5627.5,58.8,5490.3,823.55,78.4,141,39.49
M0001,2025-05-31,5496.3,41.41,5369.26,805.39,85.63,136,40.11
M0001,2025-06-01,5714.05,53.26,5575.82,836.37,84.97,146,38.77
M0001,2025-06-02,4231.87,45.92,4108.16,616.22,77.79,110,38.05
M0001,2025-06-03,3246.51,35.45,3145.93,471.89,65.13,84,38.23
M0001,2025-06-04,5821.67,55.5,5699.99,855.0,66.18,148,38.96
M0001,2025-06-05,6526.7,52.54,6385.62,957.84,88.54,162,39.96
M0001,2025-06-06,6548.13,65.59,6376.67,956.5,105.87,155,41.82
M0001,2025-06-07,5145.75,49.73,4955.74,743.36,140.28,122,41.77
M0001,2025-06-08,6344.4,65.37,6153.07,922.96,125.96,153,41.04
M0001,2025-06-09,4896.69,50.21,4740.36,711.05,106.12,124,39.08
M0001,2025-06-10,5576.88,57.02,5409.04,811.36,110.82,137,40.29
M0001,2025-06-11,5417.89,68.81,5260.2,789.03,88.88,138,38.76
M0001,2025-06-12,4107.07,51.86,3954.97,593.25,100.24,104,38.99
M0001,2025-06-13,6637.33,69.6,6470.81,970.62,96.92,164,40.05
M0001,2025-06-14,5226.3,47.46,5081.16,762.17,97.68,133,38.94
M0001,2025-06-15,5866.21,71.56,5700.64,855.1,94.01,148,39.15
M0001,2025-06-16,4537.85,49.19,4406.76,661.01,81.9,114,39.37
M0001,2025-06-17,5668.51,56.34,5535.41,830.31,76.76,142,39.52
M0001,2025-06-18,4980.22,164.59,4736.33,710.45,79.3,123,39.15
M0001,2025-06-19,4705.29,53.25,4585.85,687.88,66.19,121,38.45
M0001,2025-06-20,6432.13,62.52,6278.05,941.71,91.56,160,39.81
M0001,2025-06-21,6032.56,66.54,5861.97,879.3,104.05,148,40.31
M0001,2025-06-22,5387.4,58.16,5219.87,782.98,109.37,136,39.19
M0001,2025-06-23,5087.66,42.32,4944.17,741.63,101.17,127,39.73
M0001,2025-06-24,4608.09,45.97,4476.39,671.46,85.73,118,38.66
M0001,2025-06-25,5273.0,66.26,5124.36,768.65,82.38,135,38.57
M0001,2025-06-26,5806.38,62.31,5660.93,849.14,83.14,147,39.08
M0001,2025-06-27,5183.48,48.41,5050.3,757.55,84.77,127,40.43
M0001,2025-06-28,6407.42,73.48,6237.96,935.69,95.98,156,40.6
M0001,2025-06-29,4408.04,42.09,4286.21,642.93,79.74,112,38.98
M0001,2025-06-30,6702.52,203.98,6410.4,961.56,88.14,158,41.13
M0001,2025-07-01,4907.73,53.94,4774.32,716.15,79.47,123,39.46
M0001,2025-07-02,4085.08,43.8,3968.22,595.23,73.06,101,40.01
M0001,2025-07-03,5934.11,67.23,5785.56,867.83,81.32,151,38.85
M0001,2025-07-04,5973.55,64.93,5834.98,875.25,73.64,147,40.19
M0001,2025-07-05,6574.44,67.89,6411.44,961.72,95.11,165,39.43
M0001,2025-07-06,6577.63,220.07,6260.5,939.08,97.06,160,39.73
M0001,2025-07-07,5988.37,62.8,5823.67,873.55,101.9,152,38.98
M0001,2025-07-08,5369.22,148.68,5122.34,768.35,98.2,134,38.96
M0001,2025-07-09,3708.83,35.45,3595.09,539.26,78.29,95,38.67
M0001,2025-07-10,6276.32,62.58,6132.52,919.88,81.22,157,39.58
M0001,2025-07-11,5759.01,60.19,5620.77,843.12,78.05,144,39.58
M0001,2025-07-12,5222.23,58.58,5083.63,762.54,80.02,135,38.25
M0001,2025-07-13,4912.45,44.9,4780.34,717.05,87.21,124,39.25
M0001,2025-07-14,5357.23,47.85,5229.07,784.36,80.31,134,39.62
M0001,2025-07-15,4642.13,59.14,4507.01,676.05,75.98,112,40.92
M0001,2025-07-16,4908.76,42.89,4793.83,719.07,72.04,124,39.24
M0001,2025-07-17,4888.55,53.67,4766.98,715.05,67.9,120,40.29
M0001,2025-07-18,5170.36,252.07,4846.69,727.0,71.6,127,38.73
M0001,2025-07-19,6927.97,403.97,6433.48,965.02,90.52,162,40.27
M0001,2025-07-20,4243.83,51.88,4105.78,615.87,86.17,108,38.81
M0001,2025-07-21,5769.62,60.69,5623.47,843.52,85.46,147,38.84
M0001,2025-07-22,5107.83,51.0,4978.18,746.73,78.65,126,40.13
M0001,2025-07-23,4165.05,31.84,4066.57,609.99,66.64,106,38.99
M0001,2025-07-24,5383.33,54.73,5250.78,787.62,77.82,136,39.18
M0001,2025-07-25,6371.97,62.04,6226.97,934.05,82.96,160,39.44
M0001,2025-07-26,5999.85,58.11,5843.06,876.46,98.68,149,39.88
M0001,2025-07-27,5089.87,54.08,4951.54,742.73,84.25,128,39.34
M0001,2025-07-28,4213.52,54.19,4080.74,612.11,78.59,101,41.18
M0001,2025-07-29,5542.86,60.12,5413.79,812.07,68.95,136,40.31
M0001,2025-07-30,4821.83,52.79,4693.41,704.01,75.63,123,38.77
M0001,2025-07-31,5445.01,46.03,5325.44,798.82,73.54,135,39.99
M0001,2025-08-01,6123.6,67.7,5960.09,894.01,95.81,155,39.07
M0001,2025-08-02,5100.26,107.52,4903.87,735.58,88.87,126,39.62
M0001,2025-08-03,4834.49,53.11,4698.61,704.79,82.77,120,39.84
M0001,2025-08-04,4954.89,52.44,4825.25,723.79,77.2,124,39.54
M0001,2025-08-05,5694.42,161.12,5457.0,818.55,76.3,133,41.6
M0001,2025-08-06,5452.22,58.92,5308.67,796.3,84.63,132,40.86
M0001,2025-08-07,5442.59,49.92,5314.02,797.1,78.65,136,39.65
M0001,2025-08-08,5765.57,57.89,5625.61,843.84,82.07,143,39.91
M0001,2025-08-09,6798.18,322.77,6385.85,957.88,89.56,161,40.22
M0001,2025-08-10,5563.58,55.72,5420.43,813.06,87.43,138,39.91
M0001,2025-08-11,3835.75,33.2,3719.01,557.85,83.54,99,38.41
M0001,2025-08-12,3983.64,38.42,3869.43,580.41,75.79,99,39.85
M0001,2025-08-13,5085.49,55.9,4958.7,743.81,70.89,129,38.99
M0001,2025-08-14,5313.83,57.49,5181.02,777.15,75.32,131,40.12
M0001,2025-08-15,5950.86,65.91,5809.18,871.38,75.77,143,41.15
M0001,2025-08-16,5469.16,54.34,5333.85,800.08,80.97,134,40.41
M0001,2025-08-17,5289.9,44.37,5170.78,775.62,74.75,132,39.74
M0001,2025-08-18,4833.62,52.21,4707.49,706.12,73.92,121,39.52
M0001,2025-08-19,3961.85,44.71,3851.57,577.74,65.57,101,38.78
M0001,2025-08-20,5412.42,61.21,5280.88,792.13,70.33,134,39.93
M0001,2025-08-21,5174.63,53.81,5052.62,757.89,68.2,129,39.7
M0001,2025-08-22,5271.89,48.55,5153.74,773.06,69.6,128,40.81
M0001,2025-08-23,5933.18,73.5,5780.31,867.05,79.37,145,40.41
M0001,2025-08-24,3621.67,41.25,3508.93,526.34,71.49,92,38.92
M0001,2025-08-25,6071.06,59.64,5934.38,890.16,77.04,151,39.81
M0001,2025-08-26,6120.15,66.65,5975.29,896.29,78.21,155,39.05
M0001,2025-08-27,4493.81,37.49,4382.69,657.4,73.63,112,39.79
M0001,2025-08-28,5038.18,52.33,4909.87,736.48,75.98,126,39.57
M0001,2025-08-29,5855.88,451.0,5331.45,799.72,73.43,133,40.64
M0001,2025-08-30,6216.6,332.76,5797.0,869.55,86.84,152,38.71
M0001,2025-08-31,4944.27,55.08,4806.35,720.95,82.84,125,39.11
M0001,2025-09-01,3967.69,36.74,3855.82,578.37,75.13,99,39.71
M0001,2025-09-02,3682.19,34.65,3580.53,537.08,67.01,93,39.22
M0001,2025-09-03,5249.35,56.94,5130.34,769.55,62.07,128,40.57
M0001,2025-09-04,5044.21,51.59,4925.08,738.76,67.54,123,40.59
M0001,2025-09-05,5364.9,51.71,5242.22,786.33,70.97,129,41.19
M0001,2025-09-06,6109.44,68.07,5959.12,893.87,82.25,151,40.01
M0001,2025-09-07,5393.95,59.32,5255.78,788.37,78.85,134,39.81
M0001,2025-09-08,4820.35,53.89,4690.9,703.64,75.56,117,40.74
M0001,2025-09-09,5045.49,250.53,4723.64,708.55,71.32,124,38.67
M0001,2025-09-10,6141.23,157.74,5906.39,885.96,77.1,150,39.89
M0001,2025-09-11,4382.46,49.77,4255.98,638.4,76.71,107,40.49
M0001,2025-09-12,6205.15,72.06,6051.99,907.8,81.1,151,40.62
M0001,2025-09-13,5630.17,65.68,5477.44,821.62,87.05,136,40.92
M0001,2025-09-14,3999.59,43.22,3882.18,582.33,74.19,100,39.56
M0001,2025-09-15,4895.48,65.19,4754.0,713.1,76.29,119,40.59
M0001,2025-09-16,5497.55,200.98,5224.76,783.71,71.81,129,41.06
M0001,2025-09-17,4729.6,46.85,4607.72,691.16,75.03,113,41.44
M0001,2025-09-18,6304.88,67.38,6156.56,923.48,80.94,156,39.98
M0001,2025-09-19,5949.68,124.99,5743.26,861.49,81.43,141,41.31
M0001,2025-09-20,5579.71,55.08,5441.77,816.27,82.86,138,40.03
M0001,2025-09-21,4521.07,47.32,4397.05,659.56,76.7,110,40.67
M0001,2025-09-22,3853.4,49.51,3739.25,560.89,64.64,92,41.35
M0001,2025-09-23,5880.44,68.29,5735.17,860.28,76.98,148,39.27
M0001,2025-09-24,5213.23,57.86,5083.92,762.59,71.45,133,38.76
M0001,2025-09-25,4507.23,38.73,4391.27,658.69,77.23,115,38.86
M0001,2025-09-26,5849.06,62.36,5704.65,855.7,82.05,145,39.91
M0001,2025-09-27,6762.74,340.49,6332.03,949.8,90.22,160,40.14
M0001,2025-09-28,5269.95,127.78,5050.49,757.57,91.68,124,41.47
M0001,2025-09-29,5007.8,54.02,4872.14,730.82,81.64,122,40.6
M0001,2025-09-30,4563.9,51.82,4435.07,665.26,77.01,111,40.65
M0001,2025-10-01,5540.7,380.79,5089.3,763.4,70.61,120,43.0
M0001,2025-10-02,5461.35,46.77,5338.1,800.72,76.48,136,39.81
M0001,2025-10-03,5528.96,51.91,5400.98,810.15,76.07,135,40.57
M0001,2025-10-04,5587.72,494.35,5010.77,751.62,82.6,131,38.88
M0001,2025-10-05,4604.33,39.24,4488.99,673.35,76.1,115,39.7
M0001,2025-10-06,3845.98,37.09,3738.95,560.84,69.94,96,39.68
M0001,2025-10-07,4652.24,455.02,4131.75,619.76,65.47,101,41.56
M0001,2025-10-08,5139.13,60.63,5011.36,751.7,67.14,128,39.68
M0001,2025-10-09,5650.14,57.93,5515.27,827.29,76.94,140,39.94
M0001,2025-10-10,5910.61,66.32,5764.41,864.66,79.88,144,40.59
M0001,2025-10-11,6195.9,71.47,6032.18,904.83,92.25,156,39.26
M0001,2025-10-12,4271.38,46.57,4141.68,621.25,83.13,103,41.02
M0001,2025-10-13,4378.79,43.11,4261.93,639.29,73.75,109,39.78
M0001,2025-10-14,4445.49,236.41,4138.1,620.72,70.98,103,40.86
M0001,2025-10-15,4769.29,42.65,4662.07,699.31,64.57,119,39.72
M0001,2025-10-16,4715.15,56.92,4584.31,687.65,73.92,114,40.86
M0001,2025-10-17,6100.15,56.23,5970.37,895.56,73.55,151,40.03
M0001,2025-10-18,5820.26,66.54,5662.85,849.43,90.87,148,38.88
M0001,2025-10-19,5194.08,53.88,5057.77,758.67,82.43,127,40.47
M0001,2025-10-20,4110.36,256.95,3775.66,566.35,77.75,103,37.41
M0001,2025-10-21,4515.71,42.69,4397.69,659.65,75.33,114,39.24
M0001,2025-10-22,5208.55,49.62,5084.56,762.68,74.37,131,39.38
M0001,2025-10-23,5354.9,59.51,5215.17,782.28,80.22,137,38.65
M0001,2025-10-24,6697.99,419.3,6188.49,928.27,90.2,163,38.52
M0001,2025-10-25,6369.68,435.86,5838.82,875.82,95.0,153,38.78
M0001,2025-10-26,5071.32,45.85,4930.35,739.55,95.12,128,39.26
M0001,2025-10-27,5496.34,67.48,5343.25,801.49,85.61,132,41.13
M0001,2025-10-28,5560.04,52.78,5420.73,813.11,86.53,139,39.62
M0001,2025-10-29,4957.52,47.53,4826.38,723.96,83.61,123,39.92
M0001,2025-10-30,5137.92,64.88,4991.54,748.73,81.5,130,39.02
M0001,2025-10-31,5071.19,61.83,4927.65,739.15,81.71,122,41.06
M0001,2025-11-01,5806.94,64.48,5657.86,848.68,84.6,144,39.88
M0001,2025-11-02,4736.45,41.67,4613.43,692.01,81.35,118,39.79
M0001,2025-11-03,4728.33,47.76,4605.32,690.8,75.25,123,38.05
M0001,2025-11-04,6353.33,78.02,6198.29,929.74,77.02,153,41.02
M0001,2025-11-05,5867.85,60.08,5734.23,860.13,73.54,140,41.48
M0001,2025-11-06,4634.98,43.05,4514.19,677.13,77.74,115,39.93
M0001,2025-11-07,6082.53,439.76,5564.41,834.66,78.36,135,41.8
M0001,2025-11-08,5880.98,65.36,5728.04,859.21,87.58,146,39.83
M0001,2025-11-09,5990.29,54.73,5845.99,876.9,89.57,148,40.11
M0001,2025-11-10,6036.67,78.41,5871.24,880.69,87.02,151,39.46
M0001,2025-11-11,5385.31,66.85,5234.66,785.2,83.8,135,39.4
M0001,2025-11-12,4604.77,49.89,4478.46,671.77,76.42,118,38.6
M0001,2025-11-13,6416.04,224.27,6106.63,915.99,85.14,155,39.95
M0001,2025-11-14,5613.32,54.31,5470.26,820.54,88.75,139,39.99
M0001,2025-11-15,6596.8,68.29,6433.85,965.08,94.66,163,40.05
M0001,2025-11-16,5078.73,53.86,4936.17,740.43,88.7,124,40.52
M0001,2025-11-17,4440.49,47.02,4318.27,647.74,75.2,112,39.23
M0001,2025-11-18,5611.46,479.45,5054.85,758.23,77.16,132,38.88
M0001,2025-11-19,6366.62,60.26,6234.15,935.12,72.21,160,39.41
M0001,2025-11-20,6104.78,53.74,5969.52,895.43,81.52,153,39.55
M0001,2025-11-21,5227.14,373.48,4771.57,715.74,82.09,126,38.52
M0001,2025-11-22,6081.9,78.2,5912.59,886.89,91.11,152,39.5
M0001,2025-11-23,5941.87,60.7,5794.61,869.19,86.56,148,39.74
M0001,2025-11-24,5409.25,356.46,4969.63,745.44,83.16,126,40.1
M0001,2025-11-25,4957.76,54.43,4826.28,723.94,77.05,124,39.54
M0001,2025-11-26,6108.26,71.76,5947.81,892.17,88.69,153,39.45
M0001,2025-11-27,4696.35,50.75,4557.78,683.67,87.82,117,39.71
M0001,2025-11-28,6186.7,573.55,5515.51,827.33,97.64,143,39.25
M0001,2025-11-29,6373.38,58.91,6210.88,931.63,103.59,154,41.0
M0001,2025-11-30,5398.46,53.4,5252.19,787.83,92.87,136,39.3
M0001,2025-12-01,5161.82,55.81,5012.08,751.81,93.93,131,38.98
M0001,2025-12-02,4735.35,50.39,4605.21,690.78,79.75,121,38.72
M0001,2025-12-03,3904.91,40.87,3783.93,567.59,80.11,98,39.43
M0001,2025-12-04,6142.89,80.38,5984.16,897.62,78.35,156,38.86
M0001,2025-12-05,4620.2,47.93,4492.78,673.92,79.49,119,38.42
M0001,2025-12-06,6597.02,66.54,6441.2,966.18,89.28,163,40.06
M0001,2025-12-07,5976.57,55.95,5827.89,874.18,92.73,150,39.47
M0001,2025-12-08,5864.59,63.05,5711.38,856.71,90.16,146,39.74
M0001,2025-12-09,6078.04,55.79,5923.42,888.51,98.83,152,39.62
M0001,2025-12-10,5443.99,58.01,5301.81,795.27,84.17,136,39.6
M0001,2025-12-11,5854.4,50.35,5708.32,856.25,95.73,152,38.18
M0001,2025-12-12,5439.64,59.08,5289.63,793.44,90.93,140,38.43
M0001,2025-12-13,6190.33,59.31,6027.31,904.1,103.71,155,39.55
M0001,2025-12-14,4895.14,57.15,4745.15,711.77,92.84,125,38.7
M0001,2025-12-15,5105.88,56.11,4960.62,744.09,89.15,130,38.84
M0001,2025-12-16,5879.9,305.03,5487.25,823.09,87.62,137,40.69
M0001,2025-12-17,5599.97,44.35,5471.03,820.65,84.59,141,39.4
M0001,2025-12-18,5910.51,54.23,5769.49,865.42,86.79,149,39.3
M0001,2025-12-19,6163.7,64.14,6005.1,900.77,94.46,153,39.87
M0001,2025-12-20,6033.9,64.1,5868.02,880.2,101.78,150,39.8
M0001,2025-12-21,5691.7,56.4,5536.06,830.41,99.24,145,38.86
M0001,2025-12-22,5878.93,59.52,5719.87,857.98,99.54,148,39.32
M0001,2025-12-23,6415.33,143.02,6166.09,924.91,106.22,155,40.47
M0001,2025-12-24,5637.68,59.81,5473.12,820.97,104.75,142,39.28
M0001,2025-12-25,6469.8,66.87,6300.58,945.09,102.35,160,40.02
M0001,2025-12-26,6034.7,62.22,5867.17,880.08,105.31,154,38.78
M0001,2025-12-27,6124.51,53.32,5965.18,894.78,106.01,154,39.42
M0001,2025-12-28,5919.79,47.78,5760.06,864.01,111.95,151,38.89
M0001,2025-12-29,5491.75,62.33,5328.94,799.34,100.48,136,39.92
M0001,2025-12-30,6199.4,66.21,6028.38,904.26,104.81,157,39.06
M0001,2025-12-31,4327.26,41.29,4197.14,629.57,88.83,107,40.06
M0001,2026-01-01,6586.43,66.68,6423.17,963.48,96.58,161,40.5
M0001,2026-01-02,5309.5,56.05,5163.19,774.48,90.26,134,39.2
M0001,2026-01-03,6364.8,70.42,6204.75,930.71,89.63,155,40.61
M0001,2026-01-04,5955.38,62.45,5793.91,869.09,99.02,154,38.27
M0001,2026-01-05,5656.28,50.52,5519.46,827.92,86.3,145,38.66
M0001,2026-01-06,6418.61,65.87,6255.53,938.33,97.21,159,39.95
M0001,2026-01-07,4908.56,44.45,4782.59,717.39,81.52,122,39.87
M0001,2026-01-08,6413.09,80.25,6237.24,935.59,95.6,165,38.38
M0001,2026-01-09,6112.53,66.81,5945.68,891.85,100.04,156,38.75
M0001,2026-01-10,6199.81,56.61,6027.83,904.17,115.37,155,39.63
M0001,2026-01-11,6561.1,341.08,6102.31,915.35,117.71,162,38.4
M0001,2026-01-12,6549.65,486.83,5956.84,893.53,105.98,157,38.62
M0001,2026-01-13,5194.78,55.71,5031.29,754.69,107.78,133,38.64
M0001,2026-01-14,6010.15,54.94,5862.15,879.32,93.06,151,39.44
M0001,2026-01-15,5606.86,55.41,5445.94,816.89,105.51,140,39.65
M0001,2026-01-16,5831.65,63.32,5675.84,851.38,92.49,148,38.98
M0001,2026-01-17,6394.26,161.73,6106.71,916.01,125.82,155,40.21
M0001,2026-01-18,6144.44,68.72,5959.21,893.88,116.51,156,38.95
M0001,2026-01-19,5345.4,62.22,5173.17,775.98,110.01,133,39.72
M0001,2026-01-20,5235.87,53.79,5076.07,761.41,106.01,134,38.67
M0001,2026-01-21,5829.0,58.44,5681.38,852.21,89.18,151,38.22
M0001,2026-01-22,6528.65,178.72,6239.21,935.88,110.72,160,39.69
M0001,2026-01-23,5941.79,69.39,5761.89,864.28,110.51,144,40.78
M0001,2026-01-24,6844.74,72.72,6646.24,996.94,125.78,172,39.37
M0001,2026-01-25,6022.38,63.83,5845.87,876.88,112.68,152,39.2
M0001,2026-01-26,6260.83,258.46,5899.28,884.89,103.09,157,38.23
M0001,2026-01-27,5705.21,54.64,5548.8,832.32,101.77,144,39.24
M0001,2026-01-28,5521.23,51.39,5368.94,805.34,100.9,140,39.07
M0001,2026-01-29,5296.24,108.27,5087.83,763.17,100.14,131,39.6
M0001,2026-01-30,6236.95,64.19,6070.16,910.52,102.6,156,39.57
M0001,2026-01-31,5860.81,59.66,5692.25,853.84,108.9,144,40.29
M0001,2026-02-01,6156.43,467.79,5589.72,838.46,98.92,145,39.23
M0001,2026-02-02,4844.58,124.26,4624.04,693.61,96.28,118,40.0
M0001,2026-02-03,6218.16,65.74,6066.69,910.0,85.73,158,38.94
M0001,2026-02-04,5626.65,48.81,5491.04,823.66,86.8,143,39.01
M0001,2026-02-05,5668.09,60.55,5520.18,828.03,87.36,138,40.63
M0001,2026-02-06,6250.79,61.31,6090.35,913.55,99.13,157,39.42
M0001,2026-02-07,6312.99,443.73,5762.75,864.41,106.51,156,37.62
M0001,2026-02-08,5362.01,52.67,5212.69,781.9,96.65,133,39.92
M0001,2026-02-09,5326.89,367.12,4868.58,730.29,91.19,132,37.57
M0001,2026-02-10,6104.64,55.92,5959.35,893.9,89.37,152,39.79
M0001,2026-02-11,5007.09,58.7,4863.17,729.48,85.22,125,39.59
M0001,2026-02-12,6984.37,479.91,6406.58,960.99,97.88,160,40.65
M0001,2026-02-13,6022.12,55.05,5855.91,878.39,111.16,152,39.26
M0001,2026-02-14,6969.81,408.53,6444.31,966.65,116.97,172,38.15
M0001,2026-02-15,5445.78,152.69,5181.06,777.16,112.03,131,40.41
M0001,2026-02-16,5326.2,56.28,5172.73,775.91,97.19,136,38.75
M0001,2026-02-17,5106.11,51.1,4963.14,744.47,91.87,130,38.88
M0001,2026-02-18,7123.29,357.79,6671.31,1000.7,94.19,160,42.28
M0001,2026-02-19,7167.6,79.99,6985.46,1047.82,102.15,157,45.14
M0001,2026-02-20,7094.98,210.78,6778.05,1016.71,106.15,155,44.41
M0001,2026-02-21,6251.75,78.53,6072.58,910.89,100.64,141,43.78
M0001,2026-02-22,7159.62,68.07,6988.29,1048.24,103.26,162,43.78
M0001,2026-02-23,5606.81,61.4,5447.37,817.11,98.04,129,42.99
M0001,2026-02-24,5045.04,61.65,4891.36,733.7,92.03,116,42.96
M0001,2026-02-25,7965.95,704.23,7162.21,1074.33,99.51,160,45.39
M0001,2026-02-26,6604.17,70.06,6435.16,965.27,98.95,149,43.85
M0001,2026-02-27,7367.25,72.02,7184.85,1077.73,110.38,165,44.21
M0001,2026-02-28,6558.35,78.02,6375.46,956.32,104.87,151,42.92
M0001,2026-03-01,5606.97,55.56,5452.12,817.82,99.29,126,44.06
M0001,2026-03-02,4147.44,48.87,4013.45,602.02,85.12,99,41.4
M0001,2026-03-03,6735.5,73.55,6578.12,986.72,83.83,148,45.01
M0001,2026-03-04,6529.21,73.3,6362.89,954.43,93.02,147,43.92
M0001,2026-03-05,6457.55,634.65,5723.24,858.49,99.66,137,42.5
M0001,2026-03-06,5000.54,52.74,4853.17,727.98,94.63,117,42.29
M0001,2026-03-07,7480.28,93.35,7290.32,1093.55,96.61,165,44.77
M0001,2026-03-08,5513.09,53.54,5367.71,805.16,91.84,126,43.33
M0001,2026-03-09,6480.83,69.03,6320.6,948.09,91.2,145,44.22
M0001,2026-03-10,6270.41,214.45,5962.35,894.35,93.61,138,43.88
M0001,2026-03-11,5318.7,58.0,5174.72,776.21,85.98,125,42.09
M0001,2026-03-12,5732.74,71.57,5569.13,835.37,92.04,132,42.89
M0001,2026-03-13,7360.6,88.29,7176.95,1076.54,95.36,170,42.78
M0001,2026-03-14,7455.04,70.68,7273.57,1091.04,110.79,161,45.87
M0001,2026-03-15,6238.67,60.53,6076.36,911.45,101.78,140,44.13
M0001,2026-03-16,5963.67,63.12,5803.59,870.54,96.96,138,42.76
M0001,2026-03-17,4623.11,50.7,4490.61,673.59,81.8,105,43.55
M0001,2026-03-18,5887.06,55.07,5749.7,862.46,82.29,133,43.85
M0001,2026-03-19,4067.26,44.24,3946.94,592.04,76.08,90,44.7
M0001,2026-03-20,7005.76,65.36,6846.5,1026.98,93.9,171,40.59
M0001,2026-03-21,7030.01,89.15,6832.1,1024.82,108.76,173,40.12
M0001,2026-03-22,6735.17,72.3,6536.52,980.48,126.35,160,41.64
M0001,2026-03-23,5221.49,48.74,5051.31,757.7,121.44,129,40.1
M0001,2026-03-24,5880.33,52.65,5725.7,858.86,101.98,148,39.38
M0001,2026-03-25,4428.96,41.32,4290.31,643.55,97.33,117,37.5
M0001,2026-03-26,6221.28,56.68,6083.45,912.52,81.15,156,39.52
M0001,2026-03-27,5946.45,54.62,5789.4,868.41,102.43,148,39.81
M0001,2026-03-28,5642.31,56.23,5492.68,823.9,93.4,141,39.62
M0001,2026-03-29,4681.65,57.59,4527.56,679.13,96.5,119,38.86
M0001,2026-03-30,5197.73,54.86,5061.93,759.29,80.94,132,38.96
M0001,2026-03-31,5110.79,53.13,4977.61,746.64,80.05,129,39.21
